profile,policy,seedClusters,meanNet,ci95Low,ci95High,games,winRate,ronShareAmongWins,tsumoShareAmongWins,firstWinRate,averageWinOrder,averageWinDrawNumber,netAmongWins,winReceiptPerGame,winReceiptAmongWins,dealInLossPerGame,tsumoPaidPerGame,drawLossPerGame,drawGainPerGame,ronDeclinedPerGame,pinfuWinsPerGame,closedKansPerGame
speed,A,100,0,0,0,400,0.7425,0.6767676767676768,0.32323232323232326,0.25,1.9898989898989898,40.95286195286195,126.26262626262626,156.625,210.94276094276094,58.375,98.25,0.125,0.125,0,0.1825,0.02
speed,B,100,-25.125,-52.875,2.3781249999999545,400,0.7175,0.6341463414634146,0.36585365853658536,0.2025,2.0452961672473866,42.53658536585366,107.66550522648083,152.25,212.1951219512195,64.625,112.75,0,0,0,0.3425,0
speed,C,100,-111.5,-144.375,-79.625,400,0.445,0,1,0.0775,2.353932584269663,49.7247191011236,212.64044943820224,157.125,353.08988764044943,102,166.625,0,0,0.705,0.2,0
speed,D,100,14.25,-10,38.375,400,0.75,0.6933333333333334,0.30666666666666664,0.245,2.0033333333333334,41.32,136.33333333333334,165.875,221.16666666666666,60.625,91,0,0,0,0.18,0.0225
speed,E,100,-16.875,-44.125,10.875,400,0.7175,0.6550522648083623,0.34494773519163763,0.215,2.010452961672474,43.397212543554005,118.29268292682927,151.75,211.49825783972125,54.125,114.25,0.375,0.125,0,0.3025,0.015
pinfu,A,100,47.625,20.625,74.875,400,0.7925,0.6498422712933754,0.3501577287066246,0.295,1.9337539432176656,42.359621451104104,144.95268138801262,176.375,222.55520504731862,46.25,82.5,0,0,0,0.1875,0.0175
pinfu,B,100,0,0,0,400,0.7425,0.6531986531986532,0.3468013468013468,0.25,1.9898989898989898,42.696969696969695,109.76430976430976,144.125,194.1077441077441,53.375,90.75,0.25,0.25,0,0.3775,0
pinfu,C,100,-63.5,-90.375,-37.996875000000045,400,0.46,0,1,0.075,2.358695652173913,51.380434782608695,226.6304347826087,159.625,347.0108695652174,82.625,140.625,0.25,0.375,0.8275,0.235,0
pinfu,D,100,77.5,41.875,113.5,400,0.79,0.620253164556962,0.379746835443038,0.2875,1.9556962025316456,42.67088607594937,188.9240506329114,208.625,264.0822784810127,48,83.125,0,0,0,0.195,0.02
pinfu,E,100,-10.625,-43.125,20.25,400,0.7175,0.6341463414634146,0.36585365853658536,0.2175,2.052264808362369,44.930313588850176,135.01742160278746,155,216.02787456445992,56.25,109.25,0.125,0,0,0.27,0.0225
value,A,100,-18,-50.878125,15.5,400,0.7225,0.643598615916955,0.356401384083045,0.2275,2.0069204152249136,44.53979238754325,127.68166089965398,168.5,233.21799307958477,60.75,125.875,0.125,0.25,0,0.195,0.02
value,B,100,-56.625,-88.875,-23.75,400,0.6925,0.6425992779783394,0.3574007220216607,0.235,1.9855595667870036,43.18050541516246,101.26353790613719,148.25,214.07942238267148,66,139.125,0.5,0.75,0,0.345,0
value,C,100,-138.625,-180.378125,-96.74687500000005,400,0.425,0,1,0.075,2.288235294117647,49.476470588235294,223.23529411764707,157.875,371.47058823529414,106.25,191.5,0.5,1.75,0.745,0.2275,0
value,D,100,0,0,0,400,0.7375,0.5932203389830508,0.4067796610169492,0.25,1.9830508474576272,44.76949152542373,142.54237288135593,187,253.5593220338983,56.875,130.125,0,0,0,0.1925,0.025
value,E,100,-34,-68.628125,1.6281249999999545,400,0.71,0.6302816901408451,0.36971830985915494,0.245,2,45.03169014084507,119.01408450704226,156.5,220.42253521126761,66.5,123.75,0.25,0,0,0.2775,0.0325
cautious,A,100,172.75,138.871875,208.375,400,0.7925,0.6025236593059937,0.39747634069400634,0.4525,1.5362776025236593,51.62776025236593,227.12933753943219,227.125,286.5930599369085,31.5,49.625,0.625,27.375,0,0.25,0.0125
cautious,B,100,151.125,119.75,182.62812499999995,400,0.76,0.5822368421052632,0.41776315789473684,0.43,1.5625,51.473684210526315,207.89473684210526,211.875,278.7828947368421,28.875,60.625,1.875,30.625,0,0.3675,0
cautious,C,100,188.125,152.75,223.12812499999995,400,0.5025,0,1,0.2375,1.7462686567164178,58.298507462686565,401.7412935323383,248.25,494.02985074626866,40.5,80.625,1.875,62.875,0.8625,0.2525,0
cautious,D,100,156.875,120.625,192.00312499999995,400,0.7375,0.6338983050847458,0.36610169491525424,0.4025,1.6135593220338984,51.46440677966102,210.33898305084745,204.375,277.1186440677966,30.75,57.375,0.125,40.75,0,0.2175,0.03
cautious,E,100,139.75,108.875,172,400,0.735,0.6122448979591837,0.3877551020408163,0.43,1.5578231292517006,53.38095238095238,222.27891156462584,206.875,281.4625850340136,24.375,61.25,3.625,22.125,0,0.3275,0.015
mixed,A,100,3.625,-24,32.75,400,0.75,0.6033333333333334,0.39666666666666667,0.2775,1.9733333333333334,43.833333333333336,127.16666666666667,171,228,59.25,108.25,0,0.125,0,0.21,0.02
mixed,B,100,-46,-79.753125,-13.25,400,0.7125,0.6491228070175439,0.3508771929824561,0.2275,2.0140350877192983,44.8421052631579,109.12280701754386,148,207.71929824561403,67.5,125.5,1,0,0,0.37,0
mixed,C,100,-115,-155.25,-75,400,0.445,0,1,0.0875,2.337078651685393,50.49438202247191,220.22471910112358,156,350.561797752809,94.375,177.875,1,2.25,0.715,0.2375,0
mixed,D,100,20.625,-14.125,59.75,400,0.74,0.6081081081081081,0.3918918918918919,0.2475,2.02027027027027,45.263513513513516,158.27702702702703,197.5,266.8918918918919,66.125,113.75,0,3,0,0.1875,0.025
mixed,E,100,-12.125,-37.375,12.631249999999909,400,0.745,0.5738255033557047,0.4261744966442953,0.2075,2.1241610738255035,47.83892617449664,127.51677852348993,173,232.21476510067114,55.875,128.125,1.125,0,0,0.2975,0.03
