profile,comparison,policy,reference,seedClusters,meanDifference,ci95Low,ci95High,ci995Low,ci995High
speed,B-A,B,A,100,-25.125,-52.875,2.3781249999999545,-64.8753125,13.125937500000191
speed,C-A,C,A,100,-111.5,-144.375,-79.625,-158.8753125,-66.37437499999987
speed,D-A,D,A,100,14.25,-10,38.375,-20.5,48.25
speed,E-A,E,A,100,-16.875,-44.125,10.875,-57.3753125,23.750312500000064
speed,C-B,C,B,100,-86.375,-112.5,-62.125,-123.25093749999999,-51.249687499999936
speed,D-B,D,B,100,39.375,-0.75,79.625,-17.0015625,96.37593750000019
speed,E-B,E,B,100,8.25,-30.875,49.25,-47.87625,67.50031250000006
speed,D-C,D,C,100,125.75,84.375,168,63.748125,187.00187500000038
speed,E-C,E,C,100,94.625,53.875,136,35.1246875,155.00062500000013
speed,E-D,E,D,100,-31.125,-63.125,1.125,-76.250625,18.875312500000064
pinfu,B-A,B,A,100,-47.625,-74.875,-20.625,-85.375625,-8.873437499999682
pinfu,C-A,C,A,100,-111.125,-147.125,-76,-162.0009375,-58.75
pinfu,D-A,D,A,100,29.875,-0.125,60.128124999999955,-12.625,73.75062500000013
pinfu,E-A,E,A,100,-58.25,-98.25,-20,-118.125,-3.75
pinfu,C-B,C,B,100,-63.5,-90.375,-37.996875000000045,-102.875,-27.375
pinfu,D-B,D,B,100,77.5,41.875,113.5,27.12375,130.1259375000002
pinfu,E-B,E,B,100,-10.625,-43.125,20.25,-57.375,33.37562500000013
pinfu,D-C,D,C,100,141,99.871875,182.875,83.3725,201.75031250000006
pinfu,E-C,E,C,100,52.875,11.496875000000003,93.625,-7.625,110.875
pinfu,E-D,E,D,100,-88.125,-136.5,-40.996875000000045,-160.5028125,-22.624374999999873
value,B-A,B,A,100,-38.625,-82.503125,5,-102.5,23.875312500000064
value,C-A,C,A,100,-120.625,-175.5,-65.62187500000005,-201.000625,-43.37406249999981
value,D-A,D,A,100,18,-15.5,50.878124999999955,-30.2515625,67.50187500000038
value,E-A,E,A,100,-16,-63.875,30.625,-83.875,53.625312500000064
value,C-B,C,B,100,-82,-107.875,-55.5,-119.375625,-42.999687499999936
value,D-B,D,B,100,56.625,23.75,88.875,6.8746875,102.62531250000006
value,E-B,E,B,100,22.625,-24.75,69.5,-47.125625,90.12625000000025
value,D-C,D,C,100,138.625,96.746875,180.37812499999995,78.7496875,195.75062500000013
value,E-C,E,C,100,104.625,49.625,159,25.499375,181.12531250000006
value,E-D,E,D,100,-34,-68.628125,1.6281249999999545,-84.25,16.626875000000382
cautious,B-A,B,A,100,-21.625,-65.628125,21.375,-85.125,41.125312500000064
cautious,C-A,C,A,100,15.375,-31.125,61.5,-51.2515625,81.37562500000013
cautious,D-A,D,A,100,-15.875,-52.75,19.25,-69.3765625,32.750312500000064
cautious,E-A,E,A,100,-33,-75.128125,9.375,-92.50125,28.000312500000064
cautious,C-B,C,B,100,37,14.75,59.375,4.4996875,68.625
cautious,D-B,D,B,100,5.75,-40.375,49.875,-60.5003125,68.62625000000025
cautious,E-B,E,B,100,-11.375,-54.003125,32.875,-72.12625,51.875
cautious,D-C,D,C,100,-31.25,-80,16.375,-103.1253125,38.375312500000064
cautious,E-C,E,C,100,-48.375,-94.875,0.375,-118.0003125,22.62593750000019
cautious,E-D,E,D,100,-17.125,-62.878125,28.5,-83.25125,46.75093750000019
mixed,B-A,B,A,100,-49.625,-90.5,-10,-108.5,7.625937500000191
mixed,C-A,C,A,100,-118.625,-164.5,-73.75,-184.00187499999998,-54.375
mixed,D-A,D,A,100,17,-14.75,50.003124999999955,-28.5003125,65.25093750000019
mixed,E-A,E,A,100,-15.75,-52.5,18.625,-70.125,33.875
mixed,C-B,C,B,100,-69,-93,-45.75,-103.7503125,-36.87437499999987
mixed,D-B,D,B,100,66.625,23.375,111.75,4.7496875,133.12781250000057
mixed,E-B,E,B,100,33.875,-6.5,74.625,-24.125,90.37531250000006
mixed,D-C,D,C,100,135.625,88.25,184.25,69.25,209.00218750000045
mixed,E-C,E,C,100,102.875,55.375,150.25,38.3740625,170
mixed,E-D,E,D,100,-32.75,-79.628125,10.75,-105.0003125,27.25
