seed,profile,partition
1000000,speed,validation-frozen-policies
1000001,pinfu,validation-frozen-policies
1000002,value,validation-frozen-policies
1000003,cautious,validation-frozen-policies
1000004,mixed,validation-frozen-policies
1000005,speed,validation-frozen-policies
1000006,pinfu,validation-frozen-policies
1000007,value,validation-frozen-policies
1000008,cautious,validation-frozen-policies
1000009,mixed,validation-frozen-policies
1000010,speed,validation-frozen-policies
1000011,pinfu,validation-frozen-policies
1000012,value,validation-frozen-policies
1000013,cautious,validation-frozen-policies
1000014,mixed,validation-frozen-policies
1000015,speed,validation-frozen-policies
1000016,pinfu,validation-frozen-policies
1000017,value,validation-frozen-policies
1000018,cautious,validation-frozen-policies
1000019,mixed,validation-frozen-policies
1000020,speed,validation-frozen-policies
1000021,pinfu,validation-frozen-policies
1000022,value,validation-frozen-policies
1000023,cautious,validation-frozen-policies
1000024,mixed,validation-frozen-policies
1000025,speed,validation-frozen-policies
1000026,pinfu,validation-frozen-policies
1000027,value,validation-frozen-policies
1000028,cautious,validation-frozen-policies
1000029,mixed,validation-frozen-policies
1000030,speed,validation-frozen-policies
1000031,pinfu,validation-frozen-policies
1000032,value,validation-frozen-policies
1000033,cautious,validation-frozen-policies
1000034,mixed,validation-frozen-policies
1000035,speed,validation-frozen-policies
1000036,pinfu,validation-frozen-policies
1000037,value,validation-frozen-policies
1000038,cautious,validation-frozen-policies
1000039,mixed,validation-frozen-policies
1000040,speed,validation-frozen-policies
1000041,pinfu,validation-frozen-policies
1000042,value,validation-frozen-policies
1000043,cautious,validation-frozen-policies
1000044,mixed,validation-frozen-policies
1000045,speed,validation-frozen-policies
1000046,pinfu,validation-frozen-policies
1000047,value,validation-frozen-policies
1000048,cautious,validation-frozen-policies
1000049,mixed,validation-frozen-policies
1000050,speed,validation-frozen-policies
1000051,pinfu,validation-frozen-policies
1000052,value,validation-frozen-policies
1000053,cautious,validation-frozen-policies
1000054,mixed,validation-frozen-policies
1000055,speed,validation-frozen-policies
1000056,pinfu,validation-frozen-policies
1000057,value,validation-frozen-policies
1000058,cautious,validation-frozen-policies
1000059,mixed,validation-frozen-policies
1000060,speed,validation-frozen-policies
1000061,pinfu,validation-frozen-policies
1000062,value,validation-frozen-policies
1000063,cautious,validation-frozen-policies
1000064,mixed,validation-frozen-policies
1000065,speed,validation-frozen-policies
1000066,pinfu,validation-frozen-policies
1000067,value,validation-frozen-policies
1000068,cautious,validation-frozen-policies
1000069,mixed,validation-frozen-policies
1000070,speed,validation-frozen-policies
1000071,pinfu,validation-frozen-policies
1000072,value,validation-frozen-policies
1000073,cautious,validation-frozen-policies
1000074,mixed,validation-frozen-policies
1000075,speed,validation-frozen-policies
1000076,pinfu,validation-frozen-policies
1000077,value,validation-frozen-policies
1000078,cautious,validation-frozen-policies
1000079,mixed,validation-frozen-policies
1000080,speed,validation-frozen-policies
1000081,pinfu,validation-frozen-policies
1000082,value,validation-frozen-policies
1000083,cautious,validation-frozen-policies
1000084,mixed,validation-frozen-policies
1000085,speed,validation-frozen-policies
1000086,pinfu,validation-frozen-policies
1000087,value,validation-frozen-policies
1000088,cautious,validation-frozen-policies
1000089,mixed,validation-frozen-policies
1000090,speed,validation-frozen-policies
1000091,pinfu,validation-frozen-policies
1000092,value,validation-frozen-policies
1000093,cautious,validation-frozen-policies
1000094,mixed,validation-frozen-policies
1000095,speed,validation-frozen-policies
1000096,pinfu,validation-frozen-policies
1000097,value,validation-frozen-policies
1000098,cautious,validation-frozen-policies
1000099,mixed,validation-frozen-policies
1000100,speed,validation-frozen-policies
1000101,pinfu,validation-frozen-policies
1000102,value,validation-frozen-policies
1000103,cautious,validation-frozen-policies
1000104,mixed,validation-frozen-policies
1000105,speed,validation-frozen-policies
1000106,pinfu,validation-frozen-policies
1000107,value,validation-frozen-policies
1000108,cautious,validation-frozen-policies
1000109,mixed,validation-frozen-policies
1000110,speed,validation-frozen-policies
1000111,pinfu,validation-frozen-policies
1000112,value,validation-frozen-policies
1000113,cautious,validation-frozen-policies
1000114,mixed,validation-frozen-policies
1000115,speed,validation-frozen-policies
1000116,pinfu,validation-frozen-policies
1000117,value,validation-frozen-policies
1000118,cautious,validation-frozen-policies
1000119,mixed,validation-frozen-policies
1000120,speed,validation-frozen-policies
1000121,pinfu,validation-frozen-policies
1000122,value,validation-frozen-policies
1000123,cautious,validation-frozen-policies
1000124,mixed,validation-frozen-policies
1000125,speed,validation-frozen-policies
1000126,pinfu,validation-frozen-policies
1000127,value,validation-frozen-policies
1000128,cautious,validation-frozen-policies
1000129,mixed,validation-frozen-policies
1000130,speed,validation-frozen-policies
1000131,pinfu,validation-frozen-policies
1000132,value,validation-frozen-policies
1000133,cautious,validation-frozen-policies
1000134,mixed,validation-frozen-policies
1000135,speed,validation-frozen-policies
1000136,pinfu,validation-frozen-policies
1000137,value,validation-frozen-policies
1000138,cautious,validation-frozen-policies
1000139,mixed,validation-frozen-policies
1000140,speed,validation-frozen-policies
1000141,pinfu,validation-frozen-policies
1000142,value,validation-frozen-policies
1000143,cautious,validation-frozen-policies
1000144,mixed,validation-frozen-policies
1000145,speed,validation-frozen-policies
1000146,pinfu,validation-frozen-policies
1000147,value,validation-frozen-policies
1000148,cautious,validation-frozen-policies
1000149,mixed,validation-frozen-policies
1000150,speed,validation-frozen-policies
1000151,pinfu,validation-frozen-policies
1000152,value,validation-frozen-policies
1000153,cautious,validation-frozen-policies
1000154,mixed,validation-frozen-policies
1000155,speed,validation-frozen-policies
1000156,pinfu,validation-frozen-policies
1000157,value,validation-frozen-policies
1000158,cautious,validation-frozen-policies
1000159,mixed,validation-frozen-policies
1000160,speed,validation-frozen-policies
1000161,pinfu,validation-frozen-policies
1000162,value,validation-frozen-policies
1000163,cautious,validation-frozen-policies
1000164,mixed,validation-frozen-policies
1000165,speed,validation-frozen-policies
1000166,pinfu,validation-frozen-policies
1000167,value,validation-frozen-policies
1000168,cautious,validation-frozen-policies
1000169,mixed,validation-frozen-policies
1000170,speed,validation-frozen-policies
1000171,pinfu,validation-frozen-policies
1000172,value,validation-frozen-policies
1000173,cautious,validation-frozen-policies
1000174,mixed,validation-frozen-policies
1000175,speed,validation-frozen-policies
1000176,pinfu,validation-frozen-policies
1000177,value,validation-frozen-policies
1000178,cautious,validation-frozen-policies
1000179,mixed,validation-frozen-policies
1000180,speed,validation-frozen-policies
1000181,pinfu,validation-frozen-policies
1000182,value,validation-frozen-policies
1000183,cautious,validation-frozen-policies
1000184,mixed,validation-frozen-policies
1000185,speed,validation-frozen-policies
1000186,pinfu,validation-frozen-policies
1000187,value,validation-frozen-policies
1000188,cautious,validation-frozen-policies
1000189,mixed,validation-frozen-policies
1000190,speed,validation-frozen-policies
1000191,pinfu,validation-frozen-policies
1000192,value,validation-frozen-policies
1000193,cautious,validation-frozen-policies
1000194,mixed,validation-frozen-policies
1000195,speed,validation-frozen-policies
1000196,pinfu,validation-frozen-policies
1000197,value,validation-frozen-policies
1000198,cautious,validation-frozen-policies
1000199,mixed,validation-frozen-policies
1000200,speed,validation-frozen-policies
1000201,pinfu,validation-frozen-policies
1000202,value,validation-frozen-policies
1000203,cautious,validation-frozen-policies
1000204,mixed,validation-frozen-policies
1000205,speed,validation-frozen-policies
1000206,pinfu,validation-frozen-policies
1000207,value,validation-frozen-policies
1000208,cautious,validation-frozen-policies
1000209,mixed,validation-frozen-policies
1000210,speed,validation-frozen-policies
1000211,pinfu,validation-frozen-policies
1000212,value,validation-frozen-policies
1000213,cautious,validation-frozen-policies
1000214,mixed,validation-frozen-policies
1000215,speed,validation-frozen-policies
1000216,pinfu,validation-frozen-policies
1000217,value,validation-frozen-policies
1000218,cautious,validation-frozen-policies
1000219,mixed,validation-frozen-policies
1000220,speed,validation-frozen-policies
1000221,pinfu,validation-frozen-policies
1000222,value,validation-frozen-policies
1000223,cautious,validation-frozen-policies
1000224,mixed,validation-frozen-policies
1000225,speed,validation-frozen-policies
1000226,pinfu,validation-frozen-policies
1000227,value,validation-frozen-policies
1000228,cautious,validation-frozen-policies
1000229,mixed,validation-frozen-policies
1000230,speed,validation-frozen-policies
1000231,pinfu,validation-frozen-policies
1000232,value,validation-frozen-policies
1000233,cautious,validation-frozen-policies
1000234,mixed,validation-frozen-policies
1000235,speed,validation-frozen-policies
1000236,pinfu,validation-frozen-policies
1000237,value,validation-frozen-policies
1000238,cautious,validation-frozen-policies
1000239,mixed,validation-frozen-policies
1000240,speed,validation-frozen-policies
1000241,pinfu,validation-frozen-policies
1000242,value,validation-frozen-policies
1000243,cautious,validation-frozen-policies
1000244,mixed,validation-frozen-policies
1000245,speed,validation-frozen-policies
1000246,pinfu,validation-frozen-policies
1000247,value,validation-frozen-policies
1000248,cautious,validation-frozen-policies
1000249,mixed,validation-frozen-policies
1000250,speed,validation-frozen-policies
1000251,pinfu,validation-frozen-policies
1000252,value,validation-frozen-policies
1000253,cautious,validation-frozen-policies
1000254,mixed,validation-frozen-policies
1000255,speed,validation-frozen-policies
1000256,pinfu,validation-frozen-policies
1000257,value,validation-frozen-policies
1000258,cautious,validation-frozen-policies
1000259,mixed,validation-frozen-policies
1000260,speed,validation-frozen-policies
1000261,pinfu,validation-frozen-policies
1000262,value,validation-frozen-policies
1000263,cautious,validation-frozen-policies
1000264,mixed,validation-frozen-policies
1000265,speed,validation-frozen-policies
1000266,pinfu,validation-frozen-policies
1000267,value,validation-frozen-policies
1000268,cautious,validation-frozen-policies
1000269,mixed,validation-frozen-policies
1000270,speed,validation-frozen-policies
1000271,pinfu,validation-frozen-policies
1000272,value,validation-frozen-policies
1000273,cautious,validation-frozen-policies
1000274,mixed,validation-frozen-policies
1000275,speed,validation-frozen-policies
1000276,pinfu,validation-frozen-policies
1000277,value,validation-frozen-policies
1000278,cautious,validation-frozen-policies
1000279,mixed,validation-frozen-policies
1000280,speed,validation-frozen-policies
1000281,pinfu,validation-frozen-policies
1000282,value,validation-frozen-policies
1000283,cautious,validation-frozen-policies
1000284,mixed,validation-frozen-policies
1000285,speed,validation-frozen-policies
1000286,pinfu,validation-frozen-policies
1000287,value,validation-frozen-policies
1000288,cautious,validation-frozen-policies
1000289,mixed,validation-frozen-policies
1000290,speed,validation-frozen-policies
1000291,pinfu,validation-frozen-policies
1000292,value,validation-frozen-policies
1000293,cautious,validation-frozen-policies
1000294,mixed,validation-frozen-policies
1000295,speed,validation-frozen-policies
1000296,pinfu,validation-frozen-policies
1000297,value,validation-frozen-policies
1000298,cautious,validation-frozen-policies
1000299,mixed,validation-frozen-policies
1000300,speed,validation-frozen-policies
1000301,pinfu,validation-frozen-policies
1000302,value,validation-frozen-policies
1000303,cautious,validation-frozen-policies
1000304,mixed,validation-frozen-policies
1000305,speed,validation-frozen-policies
1000306,pinfu,validation-frozen-policies
1000307,value,validation-frozen-policies
1000308,cautious,validation-frozen-policies
1000309,mixed,validation-frozen-policies
1000310,speed,validation-frozen-policies
1000311,pinfu,validation-frozen-policies
1000312,value,validation-frozen-policies
1000313,cautious,validation-frozen-policies
1000314,mixed,validation-frozen-policies
1000315,speed,validation-frozen-policies
1000316,pinfu,validation-frozen-policies
1000317,value,validation-frozen-policies
1000318,cautious,validation-frozen-policies
1000319,mixed,validation-frozen-policies
1000320,speed,validation-frozen-policies
1000321,pinfu,validation-frozen-policies
1000322,value,validation-frozen-policies
1000323,cautious,validation-frozen-policies
1000324,mixed,validation-frozen-policies
1000325,speed,validation-frozen-policies
1000326,pinfu,validation-frozen-policies
1000327,value,validation-frozen-policies
1000328,cautious,validation-frozen-policies
1000329,mixed,validation-frozen-policies
1000330,speed,validation-frozen-policies
1000331,pinfu,validation-frozen-policies
1000332,value,validation-frozen-policies
1000333,cautious,validation-frozen-policies
1000334,mixed,validation-frozen-policies
1000335,speed,validation-frozen-policies
1000336,pinfu,validation-frozen-policies
1000337,value,validation-frozen-policies
1000338,cautious,validation-frozen-policies
1000339,mixed,validation-frozen-policies
1000340,speed,validation-frozen-policies
1000341,pinfu,validation-frozen-policies
1000342,value,validation-frozen-policies
1000343,cautious,validation-frozen-policies
1000344,mixed,validation-frozen-policies
1000345,speed,validation-frozen-policies
1000346,pinfu,validation-frozen-policies
1000347,value,validation-frozen-policies
1000348,cautious,validation-frozen-policies
1000349,mixed,validation-frozen-policies
1000350,speed,validation-frozen-policies
1000351,pinfu,validation-frozen-policies
1000352,value,validation-frozen-policies
1000353,cautious,validation-frozen-policies
1000354,mixed,validation-frozen-policies
1000355,speed,validation-frozen-policies
1000356,pinfu,validation-frozen-policies
1000357,value,validation-frozen-policies
1000358,cautious,validation-frozen-policies
1000359,mixed,validation-frozen-policies
1000360,speed,validation-frozen-policies
1000361,pinfu,validation-frozen-policies
1000362,value,validation-frozen-policies
1000363,cautious,validation-frozen-policies
1000364,mixed,validation-frozen-policies
1000365,speed,validation-frozen-policies
1000366,pinfu,validation-frozen-policies
1000367,value,validation-frozen-policies
1000368,cautious,validation-frozen-policies
1000369,mixed,validation-frozen-policies
1000370,speed,validation-frozen-policies
1000371,pinfu,validation-frozen-policies
1000372,value,validation-frozen-policies
1000373,cautious,validation-frozen-policies
1000374,mixed,validation-frozen-policies
1000375,speed,validation-frozen-policies
1000376,pinfu,validation-frozen-policies
1000377,value,validation-frozen-policies
1000378,cautious,validation-frozen-policies
1000379,mixed,validation-frozen-policies
1000380,speed,validation-frozen-policies
1000381,pinfu,validation-frozen-policies
1000382,value,validation-frozen-policies
1000383,cautious,validation-frozen-policies
1000384,mixed,validation-frozen-policies
1000385,speed,validation-frozen-policies
1000386,pinfu,validation-frozen-policies
1000387,value,validation-frozen-policies
1000388,cautious,validation-frozen-policies
1000389,mixed,validation-frozen-policies
1000390,speed,validation-frozen-policies
1000391,pinfu,validation-frozen-policies
1000392,value,validation-frozen-policies
1000393,cautious,validation-frozen-policies
1000394,mixed,validation-frozen-policies
1000395,speed,validation-frozen-policies
1000396,pinfu,validation-frozen-policies
1000397,value,validation-frozen-policies
1000398,cautious,validation-frozen-policies
1000399,mixed,validation-frozen-policies
1000400,speed,validation-frozen-policies
1000401,pinfu,validation-frozen-policies
1000402,value,validation-frozen-policies
1000403,cautious,validation-frozen-policies
1000404,mixed,validation-frozen-policies
1000405,speed,validation-frozen-policies
1000406,pinfu,validation-frozen-policies
1000407,value,validation-frozen-policies
1000408,cautious,validation-frozen-policies
1000409,mixed,validation-frozen-policies
1000410,speed,validation-frozen-policies
1000411,pinfu,validation-frozen-policies
1000412,value,validation-frozen-policies
1000413,cautious,validation-frozen-policies
1000414,mixed,validation-frozen-policies
1000415,speed,validation-frozen-policies
1000416,pinfu,validation-frozen-policies
1000417,value,validation-frozen-policies
1000418,cautious,validation-frozen-policies
1000419,mixed,validation-frozen-policies
1000420,speed,validation-frozen-policies
1000421,pinfu,validation-frozen-policies
1000422,value,validation-frozen-policies
1000423,cautious,validation-frozen-policies
1000424,mixed,validation-frozen-policies
1000425,speed,validation-frozen-policies
1000426,pinfu,validation-frozen-policies
1000427,value,validation-frozen-policies
1000428,cautious,validation-frozen-policies
1000429,mixed,validation-frozen-policies
1000430,speed,validation-frozen-policies
1000431,pinfu,validation-frozen-policies
1000432,value,validation-frozen-policies
1000433,cautious,validation-frozen-policies
1000434,mixed,validation-frozen-policies
1000435,speed,validation-frozen-policies
1000436,pinfu,validation-frozen-policies
1000437,value,validation-frozen-policies
1000438,cautious,validation-frozen-policies
1000439,mixed,validation-frozen-policies
1000440,speed,validation-frozen-policies
1000441,pinfu,validation-frozen-policies
1000442,value,validation-frozen-policies
1000443,cautious,validation-frozen-policies
1000444,mixed,validation-frozen-policies
1000445,speed,validation-frozen-policies
1000446,pinfu,validation-frozen-policies
1000447,value,validation-frozen-policies
1000448,cautious,validation-frozen-policies
1000449,mixed,validation-frozen-policies
1000450,speed,validation-frozen-policies
1000451,pinfu,validation-frozen-policies
1000452,value,validation-frozen-policies
1000453,cautious,validation-frozen-policies
1000454,mixed,validation-frozen-policies
1000455,speed,validation-frozen-policies
1000456,pinfu,validation-frozen-policies
1000457,value,validation-frozen-policies
1000458,cautious,validation-frozen-policies
1000459,mixed,validation-frozen-policies
1000460,speed,validation-frozen-policies
1000461,pinfu,validation-frozen-policies
1000462,value,validation-frozen-policies
1000463,cautious,validation-frozen-policies
1000464,mixed,validation-frozen-policies
1000465,speed,validation-frozen-policies
1000466,pinfu,validation-frozen-policies
1000467,value,validation-frozen-policies
1000468,cautious,validation-frozen-policies
1000469,mixed,validation-frozen-policies
1000470,speed,validation-frozen-policies
1000471,pinfu,validation-frozen-policies
1000472,value,validation-frozen-policies
1000473,cautious,validation-frozen-policies
1000474,mixed,validation-frozen-policies
1000475,speed,validation-frozen-policies
1000476,pinfu,validation-frozen-policies
1000477,value,validation-frozen-policies
1000478,cautious,validation-frozen-policies
1000479,mixed,validation-frozen-policies
1000480,speed,validation-frozen-policies
1000481,pinfu,validation-frozen-policies
1000482,value,validation-frozen-policies
1000483,cautious,validation-frozen-policies
1000484,mixed,validation-frozen-policies
1000485,speed,validation-frozen-policies
1000486,pinfu,validation-frozen-policies
1000487,value,validation-frozen-policies
1000488,cautious,validation-frozen-policies
1000489,mixed,validation-frozen-policies
1000490,speed,validation-frozen-policies
1000491,pinfu,validation-frozen-policies
1000492,value,validation-frozen-policies
1000493,cautious,validation-frozen-policies
1000494,mixed,validation-frozen-policies
1000495,speed,validation-frozen-policies
1000496,pinfu,validation-frozen-policies
1000497,value,validation-frozen-policies
1000498,cautious,validation-frozen-policies
1000499,mixed,validation-frozen-policies
