profile,policy,comparison,seedClusters,meanDifference,ci95Low,ci95High
cautious,A,A:tuned-baseline,400,1.0625,-2.71875,4.75
cautious,B,B:tuned-baseline,400,0.625,-13.15625,14.09375
cautious,C,C:tuned-baseline,400,6.5625,-9.6875,22.3125
cautious,D,D:tuned-baseline,400,12,-1.3125,25.84375
cautious,E,E:tuned-baseline,400,39.46875,16.03125,64.09453124999999
mixed,A,A:tuned-baseline,400,2.375,-2.1875,6.938281249999989
mixed,B,B:tuned-baseline,400,6.21875,-5.21875,17.5
mixed,C,C:tuned-baseline,400,6.34375,-7.969531249999993,21.25
mixed,D,D:tuned-baseline,400,9.40625,-0.15625,19.625
mixed,E,E:tuned-baseline,400,51.21875,30.1875,71.84375
pinfu,A,A:tuned-baseline,400,1.1875,-1.625,3.96875
pinfu,B,B:tuned-baseline,400,12.46875,3.09375,21.96875
pinfu,C,C:tuned-baseline,400,15.84375,3.21875,29.15625
pinfu,D,D:tuned-baseline,400,9.875,0.6875,19.53203124999999
pinfu,E,E:tuned-baseline,400,46.875,26.686718750000008,67.625
speed,A,A:tuned-baseline,400,2.90625,-0.59375,6.53125
speed,B,B:tuned-baseline,400,3.21875,-8.15625,14.5625
speed,C,C:tuned-baseline,400,7.625,-6.657031249999993,22.21953124999999
speed,D,D:tuned-baseline,400,9.46875,0,18.90625
speed,E,E:tuned-baseline,400,42.125,21.624218750000008,63.37578124999999
value,A,A:tuned-baseline,400,2.0625,-2.125,6.34375
value,B,B:tuned-baseline,400,7.1875,-5.344531249999993,19.65625
value,C,C:tuned-baseline,400,5.78125,-9.21875,20.50078124999999
value,D,D:tuned-baseline,400,6.6875,-4.094531249999993,18.03203124999999
value,E,E:tuned-baseline,400,61.09375,39.09375,84
