profile,version,policy,seedClusters,meanNet,ci95Low,ci95High,games,winRate,ronShareAmongWins,tsumoShareAmongWins,firstWinRate,averageWinOrder,averageWinDrawNumber,netAmongWins,winReceiptPerGame,winReceiptAmongWins,dealInLossPerGame,tsumoPaidPerGame,drawLossPerGame,drawGainPerGame,ronDeclinedPerGame,pinfuWinsPerGame,closedKansPerGame
cautious,baseline,A,400,197,178.78125,215.40625,1600,0.798125,0.572435395458105,0.42756460454189504,0.4775,1.5270164447924823,52.9185591229444,250.50900548159748,250.71875,314.13469068128427,30.71875,50.6875,0.71875,28.40625,0,0.218125,0.02625
cautious,baseline,B,400,144.71875,128.90625,160.34375,1600,0.746875,0.5891213389121339,0.4108786610878661,0.409375,1.6,53.42510460251046,211.0878661087866,209.53125,280.5439330543933,32.875,61.40625,2.15625,31.625,0,0.37375,0
cautious,baseline,C,400,174.34375,154.65546875,193.84453125,1600,0.48375,0,1,0.24125,1.7002583979328165,57.83720930232558,421.64082687338504,241.90625,500.0645994832041,43.875,83.3125,2.15625,61.78125,0.795,0.228125,0
cautious,baseline,D,400,218.625,197.25,240.37656249999998,1600,0.771875,0.5692307692307692,0.4307692307692308,0.453125,1.5433198380566802,53.52145748987854,279.9595141700405,266,344.61538461538464,30.125,53.25,1.71875,37.71875,0,0.21625,0.046875
cautious,baseline,E,400,158.46875,140.21796875,177.03203125,1600,0.706875,0.5923961096374889,0.40760389036251105,0.405,1.565870910698497,54.683465959328025,230.4155614500442,211.46875,299.16003536693194,27.3125,65.875,3.5,43.6875,0,0.3,0.0275
cautious,tuned,A,400,198.0625,179.84375,216.375,1600,0.799375,0.5707584050039093,0.4292415949960907,0.47875,1.5269741985926506,52.99061767005473,251.40734949179046,252,315.2462861610633,31.25,50.1875,0.6875,28.1875,0,0.215625,0.029375
cautious,tuned,B,400,145.34375,129.78125,160.71953125,1600,0.766875,0.5990220048899756,0.40097799511002447,0.429375,1.5810920945395273,52.8720456397718,206.68296658516707,210.15625,274.0423797881011,32.90625,59.46875,1.21875,28.78125,0,0.315625,0
cautious,tuned,C,400,180.90625,159.99921875,201.46875,1600,0.496875,0,1,0.25,1.6905660377358491,57.727044025157234,421.57232704402514,247.59375,498.3018867924528,45.09375,80.875,1.21875,60.5,0.846875,0.190625,0
cautious,tuned,D,400,230.625,208.40625,253.53125,1600,0.76375,0.5572831423895254,0.44271685761047463,0.440625,1.5589198036006546,53.60065466448445,299.05891980360065,277.875,363.82978723404256,30.5625,54.34375,2.28125,39.9375,0,0.211875,0.04625
cautious,tuned,E,400,197.9375,180.6875,215.65625,1600,0.781875,0.592326139088729,0.407673860911271,0.460625,1.5323741007194245,52.43804956035172,251.5587529976019,245.84375,314.42845723421266,32.0625,50.125,0.53125,34.8125,0,0.255625,0.029375
mixed,baseline,A,400,9.0625,-6.40625,24.46875,1600,0.766875,0.6365118174409128,0.3634881825590872,0.243125,2.0032599837000813,44.32355338223309,130.8475957620212,173.8125,226.65036674816625,54.84375,109.90625,0.0625,0.0625,0,0.17625,0.025
mixed,baseline,B,400,-16.125,-31.09375,-0.78125,1600,0.725,0.6456896551724138,0.3543103448275862,0.24125,1.9948275862068965,44.876724137931035,120.81896551724138,153.125,211.20689655172413,61.46875,107.96875,0.4375,0.625,0,0.36125,0
mixed,baseline,C,400,-95.28125,-114.59375,-75.28125,1600,0.44375,0,1,0.08375,2.295774647887324,51.50422535211268,245.77464788732394,161.03125,362.88732394366195,92.71875,164.09375,0.4375,0.9375,0.775625,0.221875,0
mixed,baseline,D,400,13.9375,-3.65625,31.03125,1600,0.740625,0.6286919831223629,0.37130801687763715,0.235,2.0160337552742615,44.823628691983124,152.91139240506328,181.90625,245.61181434599155,58.25,109.4375,0.375,0.09375,0,0.164375,0.0275
mixed,baseline,E,400,-33.375,-48.5,-17.59375,1600,0.69875,0.631484794275492,0.3685152057245081,0.210625,2.056350626118068,46.61180679785331,117.08407871198568,149.5,213.95348837209303,58.65625,124.21875,0.3125,0.3125,0,0.2525,0.019375
mixed,tuned,A,400,11.4375,-3.969531249999993,26.5625,1600,0.766875,0.6373268133659332,0.36267318663406684,0.246875,1.9951100244498778,44.27465362673187,132.8035859820701,174.25,227.2208638956805,54.53125,108.28125,0.0625,0.0625,0,0.1775,0.025625
mixed,tuned,B,400,-9.90625,-26.1875,6.594531249999989,1600,0.735625,0.6448598130841121,0.35514018691588783,0.248125,1.9821580288870009,43.999150382327954,123.23704333050128,155.9375,211.97960917587085,60,106.21875,0,0.375,0,0.28125,0
mixed,tuned,C,400,-88.9375,-108.4375,-68.53046875000001,1600,0.45625,0,1,0.095,2.2739726027397262,50.867123287671234,241.57534246575344,165.03125,361.71232876712327,91.125,163.53125,0,0.6875,0.78875,0.1775,0
mixed,tuned,D,400,23.34375,4.717968750000007,42.375,1600,0.73125,0.6282051282051282,0.3717948717948718,0.22625,2.0264957264957264,45.317094017094014,168.93162393162393,192.65625,263.46153846153845,56.625,112.6875,0.15625,0.15625,0,0.17,0.028125
mixed,tuned,E,400,17.84375,1.625,33.96875,1600,0.76875,0.6300813008130082,0.3699186991869919,0.2575,1.9764227642276422,43.81869918699187,144.5121951219512,178.34375,231.9918699186992,57.5625,103.03125,0,0.09375,0,0.209375,0.02375
pinfu,baseline,A,400,43.3125,29.625,57.21953124999999,1600,0.806875,0.6475600309837335,0.35243996901626645,0.29625,1.924864446165763,43.18977536793184,135.8249419054996,177.09375,219.4810224632068,47.15625,86.46875,0.1875,0.03125,0,0.2025,0.0175
pinfu,baseline,B,400,0,0,0,1600,0.745625,0.6563285834031852,0.34367141659681477,0.25,1.9941324392288349,44.35037720033529,114.12405699916178,148.6875,199.41324392288348,54.34375,94.34375,0.0625,0.0625,0,0.371875,0
pinfu,baseline,C,400,-63.6875,-75.375,-51.8125,1600,0.488125,0,1,0.074375,2.3777208706786173,51.8527528809219,214.9167733674776,166.15625,340.39692701664535,83.25,146.78125,0.0625,0.25,0.828125,0.245,0
pinfu,baseline,D,400,43.0625,28.030468750000008,57.875,1600,0.7725,0.6496763754045307,0.35032362459546923,0.276875,1.9466019417475728,43.702265372168284,154.57119741100323,181,234.3042071197411,47.09375,90.875,0,0.03125,0,0.185,0.02875
pinfu,baseline,E,400,10.875,-3.907031249999993,25.84375,1600,0.743125,0.6215306980656014,0.37846930193439865,0.250625,2.027754415475189,45.63751051303616,134.48275862068965,165.53125,222.7502102607233,54.65625,99.875,0.25,0.125,0,0.27625,0.01875
pinfu,tuned,A,400,44.5,30.84375,58.25,1600,0.80875,0.6499227202472952,0.3500772797527048,0.298125,1.919629057187017,43.15146831530139,136.66924265842349,177.5,219.47449768160743,46.875,85.96875,0.1875,0.03125,0,0.201875,0.02
pinfu,tuned,B,400,12.46875,3.09375,21.96875,1600,0.7675,0.6701954397394136,0.3298045602605863,0.275,1.9438110749185669,42.84120521172638,117.75244299674267,150.625,196.2540716612378,48.5,89.65625,0,0,0,0.3,0
pinfu,tuned,C,400,-47.84375,-62.78125,-32.5,1600,0.504375,0,1,0.08625,2.3469640644361833,51.086741016109045,225.89838909541513,175.5625,348.07930607187114,79.09375,144.4375,0,0.125,0.8825,0.20375,0
pinfu,tuned,D,400,52.9375,37.53125,68.75,1600,0.77125,0.6426256077795786,0.3573743922204214,0.271875,1.9619124797406806,43.8517017828201,169.61102106969207,193.4375,250.81037277147487,48.0625,92.09375,0.375,0.03125,0,0.19,0.0325
pinfu,tuned,E,400,57.75,42.561718750000004,73.18828124999999,1600,0.803125,0.6334630350194552,0.3665369649805447,0.293125,1.9346303501945525,42.7408560311284,154.39688715953307,188.125,234.24124513618676,48.21875,82.46875,0,0.3125,0,0.23625,0.0225
speed,baseline,A,400,0,0,0,1600,0.746875,0.6234309623430963,0.37656903765690375,0.25,1.99581589958159,42.46192468619247,127.40585774058577,165.9375,222.17573221757323,59.03125,106.90625,0.03125,0.03125,0,0.183125,0.015
speed,baseline,B,400,-53.125,-67.34453124999999,-38.75,1600,0.661875,0.6543909348441926,0.34560906515580736,0.211875,2.0169971671388103,42.76109537299339,112.60623229461757,135.59375,204.86307837582626,63.875,124.34375,0.5,0,0,0.33625,0
speed,baseline,C,400,-128.8125,-146.375,-110.74765625000003,1600,0.39375,0,1,0.071875,2.3190476190476192,49.474603174603175,245.55555555555554,142.5625,362.06349206349205,94.53125,176.5625,0.5,0.21875,0.7125,0.2075,0
speed,baseline,D,400,3.0625,-10.90625,17.21875,1600,0.7175,0.627177700348432,0.37282229965156793,0.219375,2.0357142857142856,43.278745644599304,153.00522648083623,178.21875,248.3885017421603,63.15625,111.75,0.25,0,0,0.163125,0.023125
speed,baseline,E,400,-38.75,-54.96875,-22.3125,1600,0.665,0.618421052631579,0.3815789473684211,0.1875,2.0526315789473686,44.62781954887218,127.20864661654136,147.6875,222.08646616541353,59.5625,126.875,0.03125,0.03125,0,0.255625,0.018125
speed,tuned,A,400,2.90625,-0.59375,6.53125,1600,0.749375,0.6255212677231026,0.37447873227689743,0.2525,1.9916597164303587,42.48457047539616,129.3994995829858,168.3125,224.60383653044204,59.125,106.28125,0.03125,0.03125,0,0.186875,0.016875
speed,tuned,B,400,-49.90625,-65.0625,-34.375,1600,0.6825,0.6529304029304029,0.34706959706959706,0.224375,2.01007326007326,42.38095238095238,111.58424908424908,139.03125,203.7087912087912,63.625,125.0625,0.25,0,0,0.26,0
speed,tuned,C,400,-121.1875,-140.625,-101.3125,1600,0.42125,0,1,0.07125,2.335311572700297,49.76261127596439,236.2759643916914,150.9375,358.3086053412463,94,178.03125,0.25,0.15625,0.735,0.165625,0
speed,tuned,D,400,12.53125,-3.8125,28.939062499999977,1600,0.719375,0.6142484795829714,0.38575152041702865,0.22,2.040834057341442,43.45004344048653,164.85664639443962,187.5,260.6429192006951,63.09375,111.625,0.25,0,0,0.168125,0.024375
speed,tuned,E,400,3.375,-10.563281249999992,17.625,1600,0.744375,0.6473551637279596,0.3526448362720403,0.241875,2.0041981528127626,42.59949622166247,131.40218303946264,169.28125,227.41393786733838,57.75,108.0625,0.25,0.15625,0,0.215625,0.01875
value,baseline,A,400,-6.96875,-22.407031249999992,8.59375,1600,0.765,0.6405228758169934,0.35947712418300654,0.2625,1.977124183006536,43.775326797385624,123.24346405228758,173.28125,226.51143790849673,62.25,118.03125,0.0625,0.09375,0,0.17375,0.03
value,baseline,B,400,-43.6875,-58.625,-28.56171875000001,1600,0.703125,0.6426666666666667,0.35733333333333334,0.23125,1.9893333333333334,43.60444444444445,106.4888888888889,143.65625,204.3111111111111,70.71875,116.78125,0.1875,0.34375,0,0.33375,0
value,baseline,C,400,-137.6875,-158.65703125,-117.06093750000002,1600,0.440625,0,1,0.076875,2.3432624113475176,50.55886524822695,206.80851063829786,156.3125,354.7517730496454,112.375,181.9375,0.1875,0.5,0.736875,0.220625,0
value,baseline,D,400,0,0,0,1600,0.738125,0.628281117696867,0.37171888230313294,0.249375,1.9881456392887384,44.34208298052498,149.49195596951736,184.5625,250.04233700254022,65.875,118.6875,0.1875,0.1875,0,0.17375,0.029375
value,baseline,E,400,-62,-79.15625,-45.34375,1600,0.689375,0.657298277425204,0.34270172257479603,0.225,2.0163191296464187,45.535811423390754,102.08522212148685,143.0625,207.52493200362647,65.53125,138.78125,0.84375,0.09375,0,0.255625,0.024375
value,tuned,A,400,-4.90625,-20.250781249999992,10.594531249999989,1600,0.764375,0.6385936222403925,0.36140637775960754,0.26125,1.98119378577269,43.73017170891251,126.90106295993459,174.53125,228.33197056418643,62.15625,117.1875,0.1875,0.09375,0,0.1775,0.0325
value,tuned,B,400,-36.5,-52.1875,-20.875,1600,0.72625,0.6643717728055077,0.33562822719449226,0.24125,1.9793459552495698,43.53872633390706,105.46471600688469,143.4375,197.50430292598966,64.375,115.84375,0,0.28125,0,0.2675,0
value,tuned,C,400,-131.90625,-152.31328125,-111.59375,1600,0.45,0,1,0.078125,2.345833333333333,50.97638888888889,211.59722222222223,158.71875,352.7083333333333,111.03125,180.15625,0,0.5625,0.79,0.17125,0
value,tuned,D,400,6.6875,-4.094531249999993,18.03203124999999,1600,0.73,0.6258561643835616,0.3741438356164384,0.2425,2.0034246575342465,44.47517123287671,166.3955479452055,196.25,268.83561643835617,71.5625,118,0.1875,0.1875,0,0.174375,0.030625
value,tuned,E,400,-0.90625,-17.532031249999992,16.21953124999999,1600,0.761875,0.6242821985233798,0.3757178014766202,0.268125,1.958982772764561,43.56193601312551,134.57752255947497,176.625,231.82936833470058,56.84375,120.28125,0.75,0.34375,0,0.20875,0.01875
