comparison,policy,reference,seedClusters,meanDifference,ci95Low,ci95High,ci995Low,ci995High
B-A,B,A,2000,-38.099999999999994,-46.256249999999994,-30.149531250000006,-49.518843749999995,-26.537390624999983
C-A,C,A,2000,-92.19375,-101.825,-82.55578125,-105.55626562500001,-78.18743749999999
D-A,D,A,2000,14.824999999999996,6.424843749999998,23.562499999999986,2.4122968749999822,26.593781249999985
E-A,E,A,2000,4.800000000000004,-3.025156250000011,12.63140625,-6.325140625000001,15.76892187500004
C-B,C,B,2000,-54.09375,-59.775156249999995,-48.387187499999996,-61.91279687499999,-45.756218749999995
D-B,D,B,2000,52.925,43.07453124999999,62.78187499999999,38.66803125000001,67.09382812500003
E-B,E,B,2000,42.900000000000006,35.03734375,50.84406249999999,31.31851562500001,54.037578125000024
D-C,D,C,2000,107.01875,95.84953125,118.325,91.08075000000001,123.03753125000001
E-C,E,C,2000,96.99375,87.41234374999999,106.70656249999999,82.7060625,111.23131250000002
E-D,E,D,2000,-10.024999999999991,-19.13140625,-0.9375000000000069,-23.256406249999994,2.9252031250000456
